<?xml version="1.0" encoding="UTF-8"?>
<project-private xmlns="http://www.netbeans.org/ns/project-private/1">
    <editor-bookmarks xmlns="http://www.netbeans.org/ns/editor-bookmarks/2" lastBookmarkId="0"/>
    <open-files xmlns="http://www.netbeans.org/ns/projectui-open-files/2">
        <group>
            <file>file:/C:/Users/Rahmania/OneDrive/Documents/NetBeansProjects/uas1/src/pbo/pboframe/frLogin.java</file>
            <file>file:/C:/Users/Rahmania/OneDrive/Documents/NetBeansProjects/uas1/src/pbo/classcode/ClassTransaksiPengiriman.java</file>
            <file>file:/C:/Users/Rahmania/OneDrive/Documents/NetBeansProjects/uas1/src/pbo/classcode/ClassUser.java</file>
            <file>file:/C:/Users/Rahmania/OneDrive/Documents/NetBeansProjects/uas1/src/pbo/pboframe/irfrmTrxPengiriman.java</file>
            <file>file:/C:/Users/Rahmania/OneDrive/Documents/NetBeansProjects/uas1/src/pbo/pboframe/irfrmLogTransaksi.java</file>
        </group>
    </open-files>
</project-private>
